{
    "acurracy": 0.7360607060376113,
    "attention_module": "Squeeze and Excitation",
    "batch_teste": 1,
    "batch_treino": 8,
    "confusion_matrix": [
        [
            1327,
            469,
            235
        ],
        [
            2,
            624,
            93
        ],
        [
            0,
            1,
            280
        ]
    ],
    "data_execucao": "2025-06-02 07:28:30",
    "epoch": 20,
    "loss": 0.2639392939623887,
    "model_name": "model_0.7360607060376113_c19bd",
    "report": {
        "0": {
            "f1-score": 0.7898809523809524,
            "precision": 0.9984951091045899,
            "recall": 0.6533727227966519,
            "support": 2031.0
        },
        "1": {
            "f1-score": 0.6883618312189741,
            "precision": 0.5703839122486288,
            "recall": 0.8678720445062587,
            "support": 719.0
        },
        "2": {
            "f1-score": 0.6299212598425197,
            "precision": 0.4605263157894737,
            "recall": 0.99644128113879,
            "support": 281.0
        },
        "accuracy": 0.7360607060376113,
        "macro avg": {
            "f1-score": 0.7027213478141489,
            "precision": 0.6764684457142307,
            "recall": 0.8392286828139003,
            "support": 3031.0
        },
        "weighted avg": {
            "f1-score": 0.750969397871298,
            "precision": 0.8470661478835463,
            "recall": 0.7360607060376113,
            "support": 3031.0
        }
    },
    "space": {
        "compress_factor": 0.5,
        "dropout_rate": 0.30572499932225966,
        "growth_rate": 32,
        "num_blocks": 3,
        "num_filters": 64,
        "num_layers_per_block": 2
    },
    "status": "ok"
}