{
    "acurracy": 0.7802705377763115,
    "attention_module": "Squeeze and Excitation",
    "batch_teste": 1,
    "batch_treino": 8,
    "confusion_matrix": [
        [
            1440,
            450,
            141
        ],
        [
            11,
            646,
            62
        ],
        [
            1,
            1,
            279
        ]
    ],
    "data_execucao": "2025-06-02 03:04:26",
    "epoch": 20,
    "loss": 0.2197294622236885,
    "model_name": "model_0.7802705377763115_feb2b",
    "report": {
        "0": {
            "f1-score": 0.8268733850129198,
            "precision": 0.9917355371900827,
            "recall": 0.7090103397341211,
            "support": 2031.0
        },
        "1": {
            "f1-score": 0.711453744493392,
            "precision": 0.5888787602552416,
            "recall": 0.8984700973574409,
            "support": 719.0
        },
        "2": {
            "f1-score": 0.7313237221494102,
            "precision": 0.578838174273859,
            "recall": 0.9928825622775801,
            "support": 281.0
        },
        "accuracy": 0.7802705377763115,
        "macro avg": {
            "f1-score": 0.7565502838852408,
            "precision": 0.7198174905730611,
            "recall": 0.8667876664563806,
            "support": 3031.0
        },
        "weighted avg": {
            "f1-score": 0.790635781318368,
            "precision": 0.857892521157219,
            "recall": 0.7802705377763115,
            "support": 3031.0
        }
    },
    "space": {
        "compress_factor": 0.5,
        "dropout_rate": 0.23093658144459892,
        "growth_rate": 32,
        "num_blocks": 3,
        "num_filters": 64,
        "num_layers_per_block": 2
    },
    "status": "ok"
}