{
    "acurracy": 0.9148795776971297,
    "attention_module": "Squeeze and Excitation",
    "batch_teste": 1,
    "batch_treino": 8,
    "confusion_matrix": [
        [
            1825,
            132,
            74
        ],
        [
            21,
            668,
            30
        ],
        [
            0,
            1,
            280
        ]
    ],
    "data_execucao": "2025-06-02 05:49:04",
    "epoch": 20,
    "loss": 0.08512042230287031,
    "model_name": "model_0.9148795776971297_620ff",
    "report": {
        "0": {
            "f1-score": 0.9414495744132061,
            "precision": 0.9886240520043337,
            "recall": 0.8985721319547021,
            "support": 2031.0
        },
        "1": {
            "f1-score": 0.8789473684210526,
            "precision": 0.8339575530586767,
            "recall": 0.9290681502086231,
            "support": 719.0
        },
        "2": {
            "f1-score": 0.8421052631578947,
            "precision": 0.7291666666666666,
            "recall": 0.99644128113879,
            "support": 281.0
        },
        "accuracy": 0.9148795776971297,
        "macro avg": {
            "f1-score": 0.8875007353307178,
            "precision": 0.8505827572432256,
            "recall": 0.9413605211007051,
            "support": 3031.0
        },
        "weighted avg": {
            "f1-score": 0.91741300642538,
            "precision": 0.9278808194006347,
            "recall": 0.9148795776971297,
            "support": 3031.0
        }
    },
    "space": {
        "compress_factor": 0.5,
        "dropout_rate": 0.23021052613509171,
        "growth_rate": 32,
        "num_blocks": 3,
        "num_filters": 64,
        "num_layers_per_block": 2
    },
    "status": "ok"
}