{
    "acurracy": 0.7354008578027054,
    "attention_module": "Squeeze and Excitation",
    "batch_teste": 1,
    "batch_treino": 8,
    "confusion_matrix": [
        [
            1306,
            556,
            169
        ],
        [
            4,
            644,
            71
        ],
        [
            1,
            1,
            279
        ]
    ],
    "data_execucao": "2025-06-02 10:01:36",
    "epoch": 20,
    "loss": 0.26459914219729463,
    "model_name": "model_0.7354008578027054_2f189",
    "report": {
        "0": {
            "f1-score": 0.7815679233991621,
            "precision": 0.996186117467582,
            "recall": 0.6430329886755293,
            "support": 2031.0
        },
        "1": {
            "f1-score": 0.6708333333333333,
            "precision": 0.5362198168193172,
            "recall": 0.8956884561891516,
            "support": 719.0
        },
        "2": {
            "f1-score": 0.6975,
            "precision": 0.5375722543352601,
            "recall": 0.9928825622775801,
            "support": 281.0
        },
        "accuracy": 0.7354008578027054,
        "macro avg": {
            "f1-score": 0.7166337522441651,
            "precision": 0.6899927295407199,
            "recall": 0.8438680023807535,
            "support": 3031.0
        },
        "weighted avg": {
            "f1-score": 0.7475061428869565,
            "precision": 0.8445575243609225,
            "recall": 0.7354008578027054,
            "support": 3031.0
        }
    },
    "space": {
        "compress_factor": 0.5,
        "dropout_rate": 0.3339000802762706,
        "growth_rate": 32,
        "num_blocks": 3,
        "num_filters": 64,
        "num_layers_per_block": 2
    },
    "status": "ok"
}