{
    "acurracy": 0.8459254371494557,
    "attention_module": "Squeeze and Excitation",
    "batch_teste": 1,
    "batch_treino": 8,
    "confusion_matrix": [
        [
            1593,
            340,
            98
        ],
        [
            8,
            691,
            20
        ],
        [
            1,
            0,
            280
        ]
    ],
    "data_execucao": "2025-06-02 08:35:12",
    "epoch": 20,
    "loss": 0.15407456285054433,
    "model_name": "model_0.8459254371494557_dfed0",
    "report": {
        "0": {
            "f1-score": 0.8769611890999174,
            "precision": 0.9943820224719101,
            "recall": 0.7843426883308715,
            "support": 2031.0
        },
        "1": {
            "f1-score": 0.7897142857142857,
            "precision": 0.6702230843840931,
            "recall": 0.96105702364395,
            "support": 719.0
        },
        "2": {
            "f1-score": 0.8247422680412371,
            "precision": 0.7035175879396985,
            "recall": 0.99644128113879,
            "support": 281.0
        },
        "accuracy": 0.8459254371494557,
        "macro avg": {
            "f1-score": 0.8304725809518135,
            "precision": 0.7893742315985671,
            "recall": 0.9139469977045372,
            "support": 3031.0
        },
        "weighted avg": {
            "f1-score": 0.8514237293995682,
            "precision": 0.8905208602849448,
            "recall": 0.8459254371494557,
            "support": 3031.0
        }
    },
    "space": {
        "compress_factor": 0.5,
        "dropout_rate": 0.28072478086994107,
        "growth_rate": 32,
        "num_blocks": 3,
        "num_filters": 64,
        "num_layers_per_block": 2
    },
    "status": "ok"
}