{
    "acurracy": 0.8987132959419334,
    "attention_module": "Squeeze and Excitation",
    "batch_teste": 1,
    "batch_treino": 8,
    "confusion_matrix": [
        [
            1883,
            46,
            102
        ],
        [
            24,
            561,
            134
        ],
        [
            0,
            1,
            280
        ]
    ],
    "data_execucao": "2025-06-02 18:18:51",
    "epoch": 20,
    "loss": 0.10128670405806661,
    "model_name": "model_0.8987132959419334_8091f",
    "report": {
        "0": {
            "f1-score": 0.9563230066023362,
            "precision": 0.9874147876245412,
            "recall": 0.9271294928606598,
            "support": 2031.0
        },
        "1": {
            "f1-score": 0.8455162019593067,
            "precision": 0.9226973684210527,
            "recall": 0.780250347705146,
            "support": 719.0
        },
        "2": {
            "f1-score": 0.7026348808030113,
            "precision": 0.5426356589147286,
            "recall": 0.99644128113879,
            "support": 281.0
        },
        "accuracy": 0.8987132959419334,
        "macro avg": {
            "f1-score": 0.8348246964548847,
            "precision": 0.8175826049867742,
            "recall": 0.9012737072348652,
            "support": 3031.0
        },
        "weighted avg": {
            "f1-score": 0.9065188311196741,
            "precision": 0.9308279319416755,
            "recall": 0.8987132959419334,
            "support": 3031.0
        }
    },
    "space": {
        "compress_factor": 0.5,
        "dropout_rate": 0.22546040099350914,
        "growth_rate": 32,
        "num_blocks": 3,
        "num_filters": 64,
        "num_layers_per_block": 2
    },
    "status": "ok"
}