{
    "acurracy": 0.9584295612009238,
    "attention_module": "apenas_H",
    "batch_teste": 1,
    "batch_treino": 8,
    "confusion_matrix": [
        [
            1974,
            37,
            20
        ],
        [
            39,
            661,
            19
        ],
        [
            10,
            1,
            270
        ]
    ],
    "data_execucao": "2025-06-05 19:55:33",
    "epoch": 20,
    "loss": 0.04157043879907618,
    "model_name": "model_0.9584295612009238_5f9d8",
    "report": {
        "0": {
            "f1-score": 0.9738529847064628,
            "precision": 0.9757785467128027,
            "recall": 0.9719350073855244,
            "support": 2031.0
        },
        "1": {
            "f1-score": 0.9322990126939351,
            "precision": 0.9456366237482118,
            "recall": 0.9193324061196105,
            "support": 719.0
        },
        "2": {
            "f1-score": 0.9152542372881356,
            "precision": 0.8737864077669902,
            "recall": 0.9608540925266904,
            "support": 281.0
        },
        "accuracy": 0.9584295612009238,
        "macro avg": {
            "f1-score": 0.9404687448961777,
            "precision": 0.9317338594093348,
            "recall": 0.9507071686772752,
            "support": 3031.0
        },
        "weighted avg": {
            "f1-score": 0.9585631285858565,
            "precision": 0.9591728609142828,
            "recall": 0.9584295612009238,
            "support": 3031.0
        }
    },
    "space": {
        "compress_factor": 1,
        "dropout_rate": 0.25145828828663536,
        "growth_rate": 16,
        "num_blocks": 3,
        "num_filters": 32,
        "num_layers_per_block": 2,
        "se_config": "apenas_H"
    },
    "status": "ok"
}