{
    "acurracy": 0.953150775321676,
    "attention_module": "apenas_H",
    "batch_teste": 1,
    "batch_treino": 8,
    "confusion_matrix": [
        [
            1946,
            55,
            30
        ],
        [
            37,
            673,
            9
        ],
        [
            10,
            1,
            270
        ]
    ],
    "data_execucao": "2025-06-06 03:34:25",
    "epoch": 20,
    "loss": 0.046849224678323975,
    "model_name": "model_0.953150775321676_b19af",
    "report": {
        "0": {
            "f1-score": 0.967196819085487,
            "precision": 0.9764174611138986,
            "recall": 0.9581486952240276,
            "support": 2031.0
        },
        "1": {
            "f1-score": 0.9295580110497238,
            "precision": 0.9231824417009602,
            "recall": 0.9360222531293463,
            "support": 719.0
        },
        "2": {
            "f1-score": 0.9152542372881356,
            "precision": 0.8737864077669902,
            "recall": 0.9608540925266904,
            "support": 281.0
        },
        "accuracy": 0.953150775321676,
        "macro avg": {
            "f1-score": 0.9373363558077822,
            "precision": 0.924462103527283,
            "recall": 0.951675013626688,
            "support": 3031.0
        },
        "weighted avg": {
            "f1-score": 0.9534527846206999,
            "precision": 0.954274503361215,
            "recall": 0.953150775321676,
            "support": 3031.0
        }
    },
    "space": {
        "compress_factor": 1,
        "dropout_rate": 0.2951672596617284,
        "growth_rate": 16,
        "num_blocks": 3,
        "num_filters": 32,
        "num_layers_per_block": 2,
        "se_config": "apenas_H"
    },
    "status": "ok"
}