{
    "acurracy": 0.8545034642032333,
    "attention_module": "apenas_H",
    "batch_teste": 1,
    "batch_treino": 8,
    "confusion_matrix": [
        [
            1619,
            332,
            80
        ],
        [
            12,
            692,
            15
        ],
        [
            0,
            2,
            279
        ]
    ],
    "data_execucao": "2025-06-06 02:18:07",
    "epoch": 20,
    "loss": 0.1454965357967667,
    "model_name": "model_0.8545034642032333_a24e9",
    "report": {
        "0": {
            "f1-score": 0.884216275259421,
            "precision": 0.9926425505824648,
            "recall": 0.7971442639094042,
            "support": 2031.0
        },
        "1": {
            "f1-score": 0.7931232091690544,
            "precision": 0.6744639376218323,
            "recall": 0.9624478442280946,
            "support": 719.0
        },
        "2": {
            "f1-score": 0.8519083969465648,
            "precision": 0.7459893048128342,
            "recall": 0.9928825622775801,
            "support": 281.0
        },
        "accuracy": 0.8545034642032333,
        "macro avg": {
            "f1-score": 0.8430826271250135,
            "precision": 0.8043652643390438,
            "recall": 0.9174915568050263,
            "support": 3031.0
        },
        "weighted avg": {
            "f1-score": 0.8596123728097721,
            "precision": 0.8942987746735367,
            "recall": 0.8545034642032333,
            "support": 3031.0
        }
    },
    "space": {
        "compress_factor": 1,
        "dropout_rate": 0.2799999683901023,
        "growth_rate": 16,
        "num_blocks": 3,
        "num_filters": 32,
        "num_layers_per_block": 2,
        "se_config": "apenas_H"
    },
    "status": "ok"
}