{
    "acurracy": 0.9201583635763775,
    "attention_module": "apenas_topo",
    "batch_teste": 1,
    "batch_treino": 8,
    "confusion_matrix": [
        [
            1895,
            68,
            68
        ],
        [
            50,
            617,
            52
        ],
        [
            2,
            2,
            277
        ]
    ],
    "data_execucao": "2025-06-06 08:32:05",
    "epoch": 20,
    "loss": 0.07984163642362252,
    "model_name": "model_0.9201583635763775_73c4f",
    "report": {
        "0": {
            "f1-score": 0.9527400703871292,
            "precision": 0.9732922444786851,
            "recall": 0.9330379123584441,
            "support": 2031.0
        },
        "1": {
            "f1-score": 0.8776671408250356,
            "precision": 0.8981077147016011,
            "recall": 0.8581363004172462,
            "support": 719.0
        },
        "2": {
            "f1-score": 0.8171091445427728,
            "precision": 0.6977329974811083,
            "recall": 0.9857651245551602,
            "support": 281.0
        },
        "accuracy": 0.9201583635763775,
        "macro avg": {
            "f1-score": 0.8825054519183125,
            "precision": 0.8563776522204648,
            "recall": 0.9256464457769501,
            "support": 3031.0
        },
        "weighted avg": {
            "f1-score": 0.9223574486393861,
            "precision": 0.9299105799072425,
            "recall": 0.9201583635763775,
            "support": 3031.0
        }
    },
    "space": {
        "compress_factor": 1,
        "dropout_rate": 0.3136440622399514,
        "growth_rate": 16,
        "num_blocks": 3,
        "num_filters": 32,
        "num_layers_per_block": 2,
        "se_config": "apenas_topo"
    },
    "status": "ok"
}