{
    "acurracy": 0.76905311778291,
    "attention_module": "apenas_H",
    "batch_teste": 1,
    "batch_treino": 8,
    "confusion_matrix": [
        [
            1361,
            543,
            127
        ],
        [
            22,
            690,
            7
        ],
        [
            0,
            1,
            280
        ]
    ],
    "data_execucao": "2025-06-06 06:26:59",
    "epoch": 20,
    "loss": 0.23094688221709003,
    "model_name": "model_0.76905311778291_1cb3a",
    "report": {
        "0": {
            "f1-score": 0.7973052138254247,
            "precision": 0.9840925524222705,
            "recall": 0.6701132447070408,
            "support": 2031.0
        },
        "1": {
            "f1-score": 0.706605222734255,
            "precision": 0.5591572123176661,
            "recall": 0.9596662030598053,
            "support": 719.0
        },
        "2": {
            "f1-score": 0.8057553956834532,
            "precision": 0.6763285024154589,
            "recall": 0.99644128113879,
            "support": 281.0
        },
        "accuracy": 0.76905311778291,
        "macro avg": {
            "f1-score": 0.769888610747711,
            "precision": 0.7398594223851318,
            "recall": 0.8754069096352121,
            "support": 3031.0
        },
        "weighted avg": {
            "f1-score": 0.7765731806705435,
            "precision": 0.8547589306515267,
            "recall": 0.76905311778291,
            "support": 3031.0
        }
    },
    "space": {
        "compress_factor": 1,
        "dropout_rate": 0.28223209793875587,
        "growth_rate": 16,
        "num_blocks": 3,
        "num_filters": 32,
        "num_layers_per_block": 2,
        "se_config": "apenas_H"
    },
    "status": "ok"
}